{
  "users": [
    {
      "username": "admin",
      "password": "12345",
      "fullname": "Nadmin",
      "email": "admin@gmail.com",
      "groupId": 1,
      "id": 1
    },
    {
      "username": "trong",
      "password": "12345",
      "fullname": "Trần Doãn Trọng",
      "email": "trong@gmail.com",
      "groupId": 2,
      "id": 2
    },
    {
      "username": "cxc",
      "password": "12345",
      "fullname": "ff",
      "email": "dmmmmm@gmail.com",
      "groupId": "3",
      "id": 3
    },
    {
      "username": "abc",
      "password": "12345",
      "fullname": "ds",
      "email": "sa@gmail.com",
      "groupId": "111",
      "id": 4
    }
  ],
  "groups": [
    {
      "name": "a",
      "id": 1
    },
    {
      "name": "b",
      "id": 2
    },
    {
      "name": "html",
      "id": 3
    },
    {
      "name": "php",
      "id": 4
    },
    {
      "name": "abc",
      "id": 5
    }
  ]
}